claim_id,claim,manuscript_location,evidence_files,experiment_id,assumptions,status
C01,The pattern-mixture sensitivity model M_cc(Gamma) is exactly linear after the reparametrisation b_r = rho_r*lambda_r; no unknown product is plugged in,Lemma 1 / App. A,src/msid/observation.py;RESEARCH_PACKET.md,P2-FR2,rho_r>0 for masks with mass; lambda_r appears in no other row,PROVED (self-checked)
C02,In settings B/D the LP interval is the closure of the identified interval (rho_full=0 admitted),Sec 3 / App. A,src/msid/observation.py;results/raw/p2_fr2_D_gamma_star.json,P2-FR2-D,complete cases exist in every valid population,PROVED (self-checked)
C03,General identification criterion: constant iff objective orthogonal to span of feasible differences (row space + constant coordinates),Thm 2 / App. A,src/msid/identification.py;results/raw/p2_fr2_G_criterion_audit.json,P2-FR2-G,finite polytope,KNOWN (standard polyhedral fact); instance check PASS
C04,Explicit row-space test fails at Gamma=1 (width 0 but test says not identified),Sec 4 / Table audit,results/raw/p2_fr2_G_criterion_audit.json,P2-FR2-G,FR1 pattern set,OBSERVED (exact computation)
C05,MCAR boundary: C point-identifies Delta_nat and M_cc(1) is refutable; B/D identified set = {sum rho_r Delta^cc_r : rho_full>0}; endpoints needing rho_full=0 are closure-only; weak dominance when all per-mask differences <=0 and the complete-mask one is 0,Prop 3,results/raw/p2_fr2_B_primary.json;tests/test_observation.py,P2-FR2-B,Assumption 1 (labels iff complete); M_cc(1),PROVED (self-checked); corrected in v2
C06,Setting C with interior truth: Brier Delta_nat identified iff f_A=f_B on every incomplete input whose group has both labels,Prop 4 / App. A,RESEARCH_PACKET.md,none (analytic),theta_c>0; Gamma^2 above true ratio; Brier; both labels per group,PROVED (self-checked)
C07,Oracle A: Brier identified iff f_A-f_B constant on incomplete inputs,Remark 5,RESEARCH_PACKET.md,none (analytic),both labels at every x; all-missing mask present; interior,PROVED (sketch; self-checked)
C08,Positivity violation is not repaired by any Gamma; only deleting the support restriction readmits the truth,Prop 6 / Table support,results/raw/p2_fr2_E_structural_zero.json,P2-FR2-E,constructed check Z_check,PROVED; instance PASS
C09,"Identical unlabelled data compatible with both rankings (d=1 hand example, interval [-5/64,3/64])",Example 7,results/raw/p2_fr1_D_identification.json;tests/test_identification.py,P2-FR1-D,w known; FR1 model; Gamma=inf (no box),PROVED by direct computation
C10,Complete-case random dropout ranks E2m opposite to natural-missingness truth (+0.0075 vs -0.0436),Sec 5 / Table truths,results/raw/p2_fr2_A_truths.json,P2-FR2-A,one hand-specified population; exploratory,OBSERVED (single case; not a frequency)
C11,"A feasible but too small Gamma can certify the wrong sign (E2m, setting C, Gamma=3/2)",Sec 5 / App. B,results/raw/p2_fr2_C_secondary.json,P2-FR2-C,one population; exploratory,OBSERVED (single case)
C12,"Coverage via one confidence region for the common observed-data law: on {P_obs in R}, identified sets are inside the outer sets for all Gamma at once; does NOT validate Gamma; emptiness of the outer set rejects M_cc(Gamma) at level alpha, non-emptiness is no evidence for Gamma",Prop 8 / App. A,src/msid/finite_sample.py;results/raw/p2_fr2_F_finite_sample.json,P2-FR2-F,iid sample; Assumption 1; M_cc(Gamma) correct,PROVED (self-checked); restated in v2
C13,Plug-in program at Gamma=1 infeasible in 6/6 draws although population satisfies Gamma=1,Sec 6 / Table finite,results/raw/p2_fr2_F_finite_sample.json,P2-FR2-F,2 draws per n; illustration,OBSERVED (6 draws; not a rate)
C14,"Outer 95% CI keeps population sign at Gamma=1 only at n=1e5 (2/2 draws), undetermined at n<=1e4",Sec 6,results/raw/p2_fr2_F_finite_sample.json,P2-FR2-F,one population,OBSERVED (illustration)
C15,"Setting C: sign kept at Gamma=1.4463, lost by 1.4473; no-model interval [-0.111,0.078]",Sec 6 / Table fr2,results/raw/p2_fr2_D_gamma_star.json;results/raw/p2_fr2_B_primary.json,P2-FR2-B/D,one population; exploratory; M_cc,OBSERVED (exact)
C16,"Oracle A certifies A better even without a sensitivity model ([-0.051,-0.002]); assuming w known changes conclusions",Sec 6,results/raw/p2_fr2_B_primary.json,P2-FR2-B,one population,OBSERVED (exact)
C17,"B and D at Gamma_cc in {1,5/4}: [-0.130,0] = WEAK_A (A never worse; tie attained at rho_full=1; lower endpoint closure-only). v1 wording 'undetermined' was an interpretation error",Sec 6,results/raw/p2_fr2_B_primary.json;results/derived/p2_sign_reclassification.json,P2-FR2-B (re-aggregated),one population,"CORRECTED (exact, re-aggregated from unchanged raw)"
C18,Direct-difference interval 1.6-3.5x narrower than separate-risk interval,Sec 6 / Table fr2,results/raw/p2_fr2_B_primary.json;results/raw/p2_fr1_B_intervals.json,P2-FR2-B;P2-FR1-B,same feasible set,OBSERVED; KNOWN idea (Guerdan et al. 2024) - not a contribution
C19,"FR1 oracle model: Gamma*(pattern) in (1.4390,1.4391]; no constraint 1.3967; unlabelled law 2.0693; Gamma_cf 1.2689",App. C,results/raw/p2_fr1_E_gamma_star.json,P2-FR1-E,w known; FR1 box model; exploratory,OBSERVED (exact)
C20,"FR1 plug-in contained population interval 8/100 (n=100), 5/100 (n=1000) - containment, not coverage",Sec 7 / App. C,results/raw/p2_fr1_F_plugin.json,P2-FR1-F,w-hat from complete sample; models fixed,OBSERVED
C21,Results on real multimodal data,Limitations,none,P2-real,"needs approval, dataset license",NOT RUN
C22,Valid less-conservative inference / coverage study,Limitations,none,P2-FR3,,NOT RUN
C23,0-1 and log loss,Limitations,none,P2-FR1-loss,,NOT RUN
C24,Novelty of the observation-model account relative to closest work,Intro / Related Work,RELATED_WORK.md,none,web search only; no forward-citation search,UNVERIFIED
C25,Sign categories STRICT/WEAK/NO_MARGIN/BOTH_ORDERS/TIE with endpoint attainment checked by an auxiliary LP (max rho_full at the endpoint),Sec 3 (Reading an interval),src/msid/observation.py;tests/test_sign.py,P2-FR2 (re-aggregation),valid model needs rho_full>0,IMPLEMENTED; tests PASS
C26,Reverse map of the b_r reparametrisation: LP points with rho_full>0 are probability models satisfying M_cc incl. absolute continuity; rho_full=0 points are closure-only,Lemma 1,src/msid/observation.py (recover_model);tests/test_sign.py,none,,PROVED (self-checked); instance check PASS
C27,M_cc must include absolute continuity P(c|R=r)=0 when v_c=0 (v1 definition omitted it; LP always imposed it),Sec 3 eq (1),paper/main.tex,none,,CORRECTED
C28,Empirical zeros are not structural zeros in the outer CI; all-zero kappa_lo (e.g. n_complete=0) reduces exactly to support restriction on kappa_hi,Sec 5,src/msid/observation.py;tests/test_sign.py,none,joint-cell box with fixed total n,IMPLEMENTED; PROVED (projection)
C29,"Gamma_box (FR1, reference q / w, fixed scale) and Gamma_cc (FR2, reference complete-case law, free scale) are different parameters; values not comparable",Sec 3 / App C,paper/main.tex,P2-FR1;P2-FR2,,DOCUMENTED
C30,"Pilot (UCI Adult, synthetic MNAR masks): complete-case dropout +0.0006 (B) vs held-out -0.0038 (A): sign disagreement; MCAR control agrees",Sec 6.x pilot / Table pilot,results/raw/p2_pilot_results.json;configs/p2_pilot.json,P2-PILOT1,"pre-registered at 1291cc4; one dataset, one split, one mask seed; binned predictors",OBSERVED (single pre-registered run; not a frequency)
C31,"Pilot setting-C identified sets empty for Gamma_cc<=5/4 (MNAR) / =1 (control), BOTH_ORDERS otherwise; outer 95% CIs BOTH_ORDERS at all pre-registered Gamma_cc",Sec 6.x pilot / Table pilotiv,results/raw/p2_pilot_results.json,P2-PILOT1,finite-population identification; iid for outer CI,OBSERVED
C32,"Coarsening check: predictors depend only on (binned x_r, r), so D(c,r) is a fixed loss; unit-level recomputation matches",Sec 6.x pilot,src/msid/pilot.py (assert_fixed_loss),P2-PILOT1,binned predictors,PASS
C33,Realised finite-population Gamma_cc mixes mechanism and sampling variation (MCAR control realised Gamma_cc=1.79),Sec 6.x pilot,results/raw/p2_pilot_results.json,P2-PILOT1,,OBSERVED
